folder,set_uuid,uuid,stime,pos,frame,ch,slice,time,posname,x,y,z,framename,chname,slicename,meta_pos,meta_frame,meta_ch,meta_slice
/Volumes/Macintosh HD/Google Drive/Groves/Scope 7/20141130 Immunostaining/03 FC1/01 tirf and confocal/confocal_6um_0.5um_1,d4e344ee-9042-4934-8c16-cb0af8515388,09465770-9cf8-4ffe-bd2e-0db19fc46449,2014-11-30 16:40:05 -0800,0,0,1,0,7692,,165.1,-3280.1,-1,,561confocalEM,,0,0,0,0
/Volumes/Macintosh HD/Google Drive/Groves/Scope 7/20141130 Immunostaining/03 FC1/01 tirf and confocal/confocal_6um_0.5um_1,d4e344ee-9042-4934-8c16-cb0af8515388,37d8a41d-5bfd-477d-82e2-049695a95764,2014-11-30 16:40:05 -0800,0,0,0,0,820,,165.1,-3280.1,-1,,640confocalEM,,0,0,0,0
/Volumes/Macintosh HD/Google Drive/Groves/Scope 7/20141130 Immunostaining/03 FC1/01 tirf and confocal/confocal_6um_0.5um_2,85b9f6c3-492d-4ff2-a178-c96a69c831ec,f8fa5f3f-ad12-4507-ba70-9b12b0c5cdc3,2014-11-30 16:42:37 -0800,0,0,1,0,7692,,184.5,-2635.9,-1,,561confocalEM,,1,0,0,0
/Volumes/Macintosh HD/Google Drive/Groves/Scope 7/20141130 Immunostaining/03 FC1/01 tirf and confocal/confocal_6um_0.5um_2,85b9f6c3-492d-4ff2-a178-c96a69c831ec,14eb2647-453b-470e-a39a-760d610a2e33,2014-11-30 16:42:37 -0800,0,0,0,0,839,,184.5,-2635.9,-1,,640confocalEM,,1,0,0,0
/Volumes/Macintosh HD/Google Drive/Groves/Scope 7/20141130 Immunostaining/03 FC1/01 tirf and confocal/confocal_6um_0.5um_3,355dfbfa-7da7-414a-b50b-251b585190cf,e4666fff-e6b3-4497-8dbe-83482338dcbe,2014-11-30 16:44:19 -0800,0,0,1,0,7662,,434.1,-2283.2000000000003,-1,,561confocalEM,,2,0,0,0
/Volumes/Macintosh HD/Google Drive/Groves/Scope 7/20141130 Immunostaining/03 FC1/01 tirf and confocal/confocal_6um_0.5um_3,355dfbfa-7da7-414a-b50b-251b585190cf,7de19f97-b9e0-48b3-b899-0699cbb87304,2014-11-30 16:44:19 -0800,0,0,0,0,827,,434.1,-2283.2000000000003,-1,,640confocalEM,,2,0,0,0
/Volumes/Macintosh HD/Google Drive/Groves/Scope 7/20141130 Immunostaining/03 FC1/01 tirf and confocal/confocal_6um_0.5um_5,07d270e3-24e5-4ef1-8ba4-3b76ba637148,5127ee1f-bbe1-414e-98b7-f8064d0fd093,2014-11-30 16:46:45 -0800,0,0,1,0,7654,,-922.8000000000001,-1729.8,-1,,561confocalEM,,4,0,0,0
/Volumes/Macintosh HD/Google Drive/Groves/Scope 7/20141130 Immunostaining/03 FC1/01 tirf and confocal/confocal_6um_0.5um_5,07d270e3-24e5-4ef1-8ba4-3b76ba637148,0f677699-25da-4b82-afab-a4616dafe10c,2014-11-30 16:46:45 -0800,0,0,0,0,822,,-922.8000000000001,-1729.8,-1,,640confocalEM,,4,0,0,0
/Volumes/Macintosh HD/Google Drive/Groves/Scope 7/20141130 Immunostaining/03 FC1/01 tirf and confocal/confocal_6um_0.5um_6,2959c586-9f6e-4718-a453-2f3baf5fd176,11a18d22-f3d3-40a0-a7f7-dcf3d3208027,2014-11-30 16:49:21 -0800,0,0,1,0,7648,,-805.2,-1179.6000000000001,-1,,561confocalEM,,5,0,0,0
/Volumes/Macintosh HD/Google Drive/Groves/Scope 7/20141130 Immunostaining/03 FC1/01 tirf and confocal/confocal_6um_0.5um_6,2959c586-9f6e-4718-a453-2f3baf5fd176,4a522549-ed83-4933-8522-7cf8d5ebecef,2014-11-30 16:49:21 -0800,0,0,0,0,841,,-805.2,-1179.6000000000001,-1,,640confocalEM,,5,0,0,0
/Volumes/Macintosh HD/Google Drive/Groves/Scope 7/20141130 Immunostaining/03 FC1/01 tirf and confocal/confocal_6um_0.5um_1,d4e344ee-9042-4934-8c16-cb0af8515388,84836546-b87e-4082-ad81-9452b1898b4f,2014-11-30 16:40:05 -0800,0,0,1,1,8144,,165.1,-3280.1,-0.5,,561confocalEM,,0,0,0,0
/Volumes/Macintosh HD/Google Drive/Groves/Scope 7/20141130 Immunostaining/03 FC1/01 tirf and confocal/confocal_6um_0.5um_1,d4e344ee-9042-4934-8c16-cb0af8515388,064d8a76-5f1b-406e-acae-d8166116e87d,2014-11-30 16:40:05 -0800,0,0,0,1,1304,,165.1,-3280.1,-0.5,,640confocalEM,,0,0,0,0
/Volumes/Macintosh HD/Google Drive/Groves/Scope 7/20141130 Immunostaining/03 FC1/01 tirf and confocal/confocal_6um_0.5um_2,85b9f6c3-492d-4ff2-a178-c96a69c831ec,64943044-1740-438f-bdb6-c60960a0d96a,2014-11-30 16:42:37 -0800,0,0,1,1,8144,,184.5,-2635.9,-0.5,,561confocalEM,,1,0,0,0
/Volumes/Macintosh HD/Google Drive/Groves/Scope 7/20141130 Immunostaining/03 FC1/01 tirf and confocal/confocal_6um_0.5um_2,85b9f6c3-492d-4ff2-a178-c96a69c831ec,d668f3a3-0ebc-478c-9bd4-8f1b946ea166,2014-11-30 16:42:37 -0800,0,0,0,1,1293,,184.5,-2635.9,-0.5,,640confocalEM,,1,0,0,0
/Volumes/Macintosh HD/Google Drive/Groves/Scope 7/20141130 Immunostaining/03 FC1/01 tirf and confocal/confocal_6um_0.5um_3,355dfbfa-7da7-414a-b50b-251b585190cf,97fac819-2b09-4f5b-bab4-21f224b48e9a,2014-11-30 16:44:19 -0800,0,0,1,1,8114,,434.1,-2283.2000000000003,-0.5,,561confocalEM,,2,0,0,0
/Volumes/Macintosh HD/Google Drive/Groves/Scope 7/20141130 Immunostaining/03 FC1/01 tirf and confocal/confocal_6um_0.5um_3,355dfbfa-7da7-414a-b50b-251b585190cf,cb4f44b0-fd02-40aa-a015-ada1b4711cf4,2014-11-30 16:44:19 -0800,0,0,0,1,1302,,434.1,-2283.2000000000003,-0.5,,640confocalEM,,2,0,0,0
/Volumes/Macintosh HD/Google Drive/Groves/Scope 7/20141130 Immunostaining/03 FC1/01 tirf and confocal/confocal_6um_0.5um_5,07d270e3-24e5-4ef1-8ba4-3b76ba637148,7b776029-444d-40fa-9021-3a686701d05f,2014-11-30 16:46:45 -0800,0,0,1,1,8103,,-922.8000000000001,-1729.8,-0.5,,561confocalEM,,4,0,0,0
/Volumes/Macintosh HD/Google Drive/Groves/Scope 7/20141130 Immunostaining/03 FC1/01 tirf and confocal/confocal_6um_0.5um_5,07d270e3-24e5-4ef1-8ba4-3b76ba637148,3a3e6120-ba84-4bac-9c72-609056bf2592,2014-11-30 16:46:45 -0800,0,0,0,1,1276,,-922.8000000000001,-1729.8,-0.5,,640confocalEM,,4,0,0,0
/Volumes/Macintosh HD/Google Drive/Groves/Scope 7/20141130 Immunostaining/03 FC1/01 tirf and confocal/confocal_6um_0.5um_6,2959c586-9f6e-4718-a453-2f3baf5fd176,725d4164-70d5-41f7-a12e-dbbc423b19b9,2014-11-30 16:49:21 -0800,0,0,1,1,8097,,-805.2,-1179.6000000000001,-0.5,,561confocalEM,,5,0,0,0
/Volumes/Macintosh HD/Google Drive/Groves/Scope 7/20141130 Immunostaining/03 FC1/01 tirf and confocal/confocal_6um_0.5um_6,2959c586-9f6e-4718-a453-2f3baf5fd176,ab4ed5ae-7c1f-4b90-bfbe-9e3da49c5f42,2014-11-30 16:49:21 -0800,0,0,0,1,1292,,-805.2,-1179.6000000000001,-0.5,,640confocalEM,,5,0,0,0
/Volumes/Macintosh HD/Google Drive/Groves/Scope 7/20141130 Immunostaining/03 FC1/01 tirf and confocal/confocal_6um_0.5um_1,d4e344ee-9042-4934-8c16-cb0af8515388,0cb1b76d-d34b-483e-8b59-85b627bd40f9,2014-11-30 16:40:05 -0800,0,0,1,2,8593,,165.1,-3280.1,0,,561confocalEM,,0,0,0,0
/Volumes/Macintosh HD/Google Drive/Groves/Scope 7/20141130 Immunostaining/03 FC1/01 tirf and confocal/confocal_6um_0.5um_1,d4e344ee-9042-4934-8c16-cb0af8515388,0a1cbb9e-bcc0-444a-933f-4f6d4ddb7970,2014-11-30 16:40:05 -0800,0,0,0,2,1760,,165.1,-3280.1,0,,640confocalEM,,0,0,0,0
/Volumes/Macintosh HD/Google Drive/Groves/Scope 7/20141130 Immunostaining/03 FC1/01 tirf and confocal/confocal_6um_0.5um_2,85b9f6c3-492d-4ff2-a178-c96a69c831ec,a2ea63e9-9f31-4462-bbd2-a9950ca2c2ac,2014-11-30 16:42:37 -0800,0,0,1,2,8594,,184.5,-2635.9,0,,561confocalEM,,1,0,0,0
/Volumes/Macintosh HD/Google Drive/Groves/Scope 7/20141130 Immunostaining/03 FC1/01 tirf and confocal/confocal_6um_0.5um_2,85b9f6c3-492d-4ff2-a178-c96a69c831ec,47ff4b15-c189-4e6c-815b-d42509d8a468,2014-11-30 16:42:37 -0800,0,0,0,2,1745,,184.5,-2635.9,0,,640confocalEM,,1,0,0,0
/Volumes/Macintosh HD/Google Drive/Groves/Scope 7/20141130 Immunostaining/03 FC1/01 tirf and confocal/confocal_6um_0.5um_3,355dfbfa-7da7-414a-b50b-251b585190cf,4dcab39e-789e-459c-a415-af6752ace789,2014-11-30 16:44:19 -0800,0,0,1,2,8562,,434.1,-2283.2000000000003,0,,561confocalEM,,2,0,0,0
/Volumes/Macintosh HD/Google Drive/Groves/Scope 7/20141130 Immunostaining/03 FC1/01 tirf and confocal/confocal_6um_0.5um_3,355dfbfa-7da7-414a-b50b-251b585190cf,a2333afe-8cdc-4451-80aa-e63632ac29af,2014-11-30 16:44:19 -0800,0,0,0,2,1758,,434.1,-2283.2000000000003,0,,640confocalEM,,2,0,0,0
/Volumes/Macintosh HD/Google Drive/Groves/Scope 7/20141130 Immunostaining/03 FC1/01 tirf and confocal/confocal_6um_0.5um_5,07d270e3-24e5-4ef1-8ba4-3b76ba637148,af872cd0-c826-488b-a244-684f4728507b,2014-11-30 16:46:45 -0800,0,0,1,2,8552,,-922.8000000000001,-1729.8,0,,561confocalEM,,4,0,0,0
/Volumes/Macintosh HD/Google Drive/Groves/Scope 7/20141130 Immunostaining/03 FC1/01 tirf and confocal/confocal_6um_0.5um_5,07d270e3-24e5-4ef1-8ba4-3b76ba637148,b9775abb-13fe-464a-a2c0-62c53df1278a,2014-11-30 16:46:45 -0800,0,0,0,2,1727,,-922.8000000000001,-1729.8,0,,640confocalEM,,4,0,0,0
/Volumes/Macintosh HD/Google Drive/Groves/Scope 7/20141130 Immunostaining/03 FC1/01 tirf and confocal/confocal_6um_0.5um_6,2959c586-9f6e-4718-a453-2f3baf5fd176,b679d60d-e6a5-459b-afc3-6c56dbdc359d,2014-11-30 16:49:21 -0800,0,0,1,2,8547,,-805.2,-1179.6000000000001,0,,561confocalEM,,5,0,0,0
/Volumes/Macintosh HD/Google Drive/Groves/Scope 7/20141130 Immunostaining/03 FC1/01 tirf and confocal/confocal_6um_0.5um_6,2959c586-9f6e-4718-a453-2f3baf5fd176,602e7b4d-8683-46e1-87d6-ac30a8a49ba4,2014-11-30 16:49:21 -0800,0,0,0,2,1743,,-805.2,-1179.6000000000001,0,,640confocalEM,,5,0,0,0
/Volumes/Macintosh HD/Google Drive/Groves/Scope 7/20141130 Immunostaining/03 FC1/01 tirf and confocal/confocal_6um_0.5um_1,d4e344ee-9042-4934-8c16-cb0af8515388,afb930b3-5830-4aae-b6cf-bb13c0058949,2014-11-30 16:40:05 -0800,0,0,1,3,9042,,165.1,-3280.1,0.5,,561confocalEM,,0,0,0,0
/Volumes/Macintosh HD/Google Drive/Groves/Scope 7/20141130 Immunostaining/03 FC1/01 tirf and confocal/confocal_6um_0.5um_1,d4e344ee-9042-4934-8c16-cb0af8515388,fd6982af-419a-43e4-8bbb-74a6a492fa08,2014-11-30 16:40:05 -0800,0,0,0,3,2211,,165.1,-3280.1,0.5,,640confocalEM,,0,0,0,0
/Volumes/Macintosh HD/Google Drive/Groves/Scope 7/20141130 Immunostaining/03 FC1/01 tirf and confocal/confocal_6um_0.5um_2,85b9f6c3-492d-4ff2-a178-c96a69c831ec,e79082c4-dacc-4b50-b6c1-1f31418ee64b,2014-11-30 16:42:37 -0800,0,0,1,3,9045,,184.5,-2635.9,0.5,,561confocalEM,,1,0,0,0
/Volumes/Macintosh HD/Google Drive/Groves/Scope 7/20141130 Immunostaining/03 FC1/01 tirf and confocal/confocal_6um_0.5um_2,85b9f6c3-492d-4ff2-a178-c96a69c831ec,777b1a65-a7ef-4c83-817f-5aa5764a92ac,2014-11-30 16:42:37 -0800,0,0,0,3,2196,,184.5,-2635.9,0.5,,640confocalEM,,1,0,0,0
/Volumes/Macintosh HD/Google Drive/Groves/Scope 7/20141130 Immunostaining/03 FC1/01 tirf and confocal/confocal_6um_0.5um_3,355dfbfa-7da7-414a-b50b-251b585190cf,7cb21cf9-7225-4cbf-8794-ba52aab2a420,2014-11-30 16:44:19 -0800,0,0,1,3,9012,,434.1,-2283.2000000000003,0.5,,561confocalEM,,2,0,0,0
/Volumes/Macintosh HD/Google Drive/Groves/Scope 7/20141130 Immunostaining/03 FC1/01 tirf and confocal/confocal_6um_0.5um_3,355dfbfa-7da7-414a-b50b-251b585190cf,2199351d-6f61-453f-9306-265aaccaf691,2014-11-30 16:44:19 -0800,0,0,0,3,2208,,434.1,-2283.2000000000003,0.5,,640confocalEM,,2,0,0,0
/Volumes/Macintosh HD/Google Drive/Groves/Scope 7/20141130 Immunostaining/03 FC1/01 tirf and confocal/confocal_6um_0.5um_5,07d270e3-24e5-4ef1-8ba4-3b76ba637148,164bec55-be38-452b-a034-202aa96d704b,2014-11-30 16:46:45 -0800,0,0,1,3,9008,,-922.8000000000001,-1729.8,0.5,,561confocalEM,,4,0,0,0
/Volumes/Macintosh HD/Google Drive/Groves/Scope 7/20141130 Immunostaining/03 FC1/01 tirf and confocal/confocal_6um_0.5um_5,07d270e3-24e5-4ef1-8ba4-3b76ba637148,653aa98a-1f93-4edb-bbc5-861f0b3a2cad,2014-11-30 16:46:45 -0800,0,0,0,3,2183,,-922.8000000000001,-1729.8,0.5,,640confocalEM,,4,0,0,0
/Volumes/Macintosh HD/Google Drive/Groves/Scope 7/20141130 Immunostaining/03 FC1/01 tirf and confocal/confocal_6um_0.5um_6,2959c586-9f6e-4718-a453-2f3baf5fd176,5473d8b4-a39c-499b-b162-33af3eec318d,2014-11-30 16:49:21 -0800,0,0,1,3,8995,,-805.2,-1179.6000000000001,0.5,,561confocalEM,,5,0,0,0
/Volumes/Macintosh HD/Google Drive/Groves/Scope 7/20141130 Immunostaining/03 FC1/01 tirf and confocal/confocal_6um_0.5um_6,2959c586-9f6e-4718-a453-2f3baf5fd176,7b66251a-8637-405b-9cd4-c8ece63a5c59,2014-11-30 16:49:21 -0800,0,0,0,3,2191,,-805.2,-1179.6000000000001,0.5,,640confocalEM,,5,0,0,0
/Volumes/Macintosh HD/Google Drive/Groves/Scope 7/20141130 Immunostaining/03 FC1/01 tirf and confocal/confocal_6um_0.5um_1,d4e344ee-9042-4934-8c16-cb0af8515388,8ef3d0b7-4839-4994-b994-432d981e62d2,2014-11-30 16:40:05 -0800,0,0,0,4,2663,,165.1,-3280.1,1,,640confocalEM,,0,0,0,0
/Volumes/Macintosh HD/Google Drive/Groves/Scope 7/20141130 Immunostaining/03 FC1/01 tirf and confocal/confocal_6um_0.5um_1,d4e344ee-9042-4934-8c16-cb0af8515388,4670471f-2ca5-4bc4-b78b-b12a38bb3a52,2014-11-30 16:40:05 -0800,0,0,1,4,9493,,165.1,-3280.1,1,,561confocalEM,,0,0,0,0
/Volumes/Macintosh HD/Google Drive/Groves/Scope 7/20141130 Immunostaining/03 FC1/01 tirf and confocal/confocal_6um_0.5um_2,85b9f6c3-492d-4ff2-a178-c96a69c831ec,6c8971f1-eb51-4ac3-b106-2e9a2baf73f5,2014-11-30 16:42:37 -0800,0,0,0,4,2648,,184.5,-2635.9,1,,640confocalEM,,1,0,0,0
/Volumes/Macintosh HD/Google Drive/Groves/Scope 7/20141130 Immunostaining/03 FC1/01 tirf and confocal/confocal_6um_0.5um_2,85b9f6c3-492d-4ff2-a178-c96a69c831ec,5e668ae9-7bcb-47e8-8ce8-b7c7496b6e95,2014-11-30 16:42:37 -0800,0,0,1,4,9496,,184.5,-2635.9,1,,561confocalEM,,1,0,0,0
/Volumes/Macintosh HD/Google Drive/Groves/Scope 7/20141130 Immunostaining/03 FC1/01 tirf and confocal/confocal_6um_0.5um_3,355dfbfa-7da7-414a-b50b-251b585190cf,9816605c-42dd-49bd-a3f1-2237fd7fe536,2014-11-30 16:44:19 -0800,0,0,0,4,2658,,434.1,-2283.2000000000003,1,,640confocalEM,,2,0,0,0
/Volumes/Macintosh HD/Google Drive/Groves/Scope 7/20141130 Immunostaining/03 FC1/01 tirf and confocal/confocal_6um_0.5um_3,355dfbfa-7da7-414a-b50b-251b585190cf,339e68da-d384-48d1-bce8-e1c38b25e1b8,2014-11-30 16:44:19 -0800,0,0,1,4,9463,,434.1,-2283.2000000000003,1,,561confocalEM,,2,0,0,0
/Volumes/Macintosh HD/Google Drive/Groves/Scope 7/20141130 Immunostaining/03 FC1/01 tirf and confocal/confocal_6um_0.5um_5,07d270e3-24e5-4ef1-8ba4-3b76ba637148,259e70da-ba21-4897-a033-21ea468e7fb6,2014-11-30 16:46:45 -0800,0,0,0,4,2633,,-922.8000000000001,-1729.8,1,,640confocalEM,,4,0,0,0
/Volumes/Macintosh HD/Google Drive/Groves/Scope 7/20141130 Immunostaining/03 FC1/01 tirf and confocal/confocal_6um_0.5um_5,07d270e3-24e5-4ef1-8ba4-3b76ba637148,96f2bf05-e833-407f-9a79-792ccea5a86f,2014-11-30 16:46:45 -0800,0,0,1,4,9458,,-922.8000000000001,-1729.8,1,,561confocalEM,,4,0,0,0
/Volumes/Macintosh HD/Google Drive/Groves/Scope 7/20141130 Immunostaining/03 FC1/01 tirf and confocal/confocal_6um_0.5um_6,2959c586-9f6e-4718-a453-2f3baf5fd176,8853ac0b-3254-40bf-8918-098bac58ab20,2014-11-30 16:49:21 -0800,0,0,0,4,2642,,-805.2,-1179.6000000000001,1,,640confocalEM,,5,0,0,0
/Volumes/Macintosh HD/Google Drive/Groves/Scope 7/20141130 Immunostaining/03 FC1/01 tirf and confocal/confocal_6um_0.5um_6,2959c586-9f6e-4718-a453-2f3baf5fd176,23ea1db2-8be4-47d2-b7cf-f44d6f2e8768,2014-11-30 16:49:21 -0800,0,0,1,4,9454,,-805.2,-1179.6000000000001,1,,561confocalEM,,5,0,0,0
/Volumes/Macintosh HD/Google Drive/Groves/Scope 7/20141130 Immunostaining/03 FC1/01 tirf and confocal/confocal_6um_0.5um_1,d4e344ee-9042-4934-8c16-cb0af8515388,9cce3ef1-2d57-488a-a390-25a3c76a96f7,2014-11-30 16:40:05 -0800,0,0,0,5,3117,,165.1,-3280.1,1.5,,640confocalEM,,0,0,0,0
/Volumes/Macintosh HD/Google Drive/Groves/Scope 7/20141130 Immunostaining/03 FC1/01 tirf and confocal/confocal_6um_0.5um_1,d4e344ee-9042-4934-8c16-cb0af8515388,fecfe4ae-8abd-424c-a0ad-0d7af926aac3,2014-11-30 16:40:05 -0800,0,0,1,5,9942,,165.1,-3280.1,1.5,,561confocalEM,,0,0,0,0
/Volumes/Macintosh HD/Google Drive/Groves/Scope 7/20141130 Immunostaining/03 FC1/01 tirf and confocal/confocal_6um_0.5um_2,85b9f6c3-492d-4ff2-a178-c96a69c831ec,d84b8257-3cc2-4e4e-b0a9-79165897ee7b,2014-11-30 16:42:37 -0800,0,0,0,5,3100,,184.5,-2635.9,1.5,,640confocalEM,,1,0,0,0
/Volumes/Macintosh HD/Google Drive/Groves/Scope 7/20141130 Immunostaining/03 FC1/01 tirf and confocal/confocal_6um_0.5um_2,85b9f6c3-492d-4ff2-a178-c96a69c831ec,93c5a580-8a46-4bc5-85cf-fc639d57bffc,2014-11-30 16:42:37 -0800,0,0,1,5,9945,,184.5,-2635.9,1.5,,561confocalEM,,1,0,0,0
/Volumes/Macintosh HD/Google Drive/Groves/Scope 7/20141130 Immunostaining/03 FC1/01 tirf and confocal/confocal_6um_0.5um_3,355dfbfa-7da7-414a-b50b-251b585190cf,d129be54-487c-4c1d-9358-6d2f307bda35,2014-11-30 16:44:19 -0800,0,0,0,5,3107,,434.1,-2283.2000000000003,1.5,,640confocalEM,,2,0,0,0
/Volumes/Macintosh HD/Google Drive/Groves/Scope 7/20141130 Immunostaining/03 FC1/01 tirf and confocal/confocal_6um_0.5um_3,355dfbfa-7da7-414a-b50b-251b585190cf,e46b9393-369a-4b70-86a4-9e1d9ca5627a,2014-11-30 16:44:19 -0800,0,0,1,5,9914,,434.1,-2283.2000000000003,1.5,,561confocalEM,,2,0,0,0
/Volumes/Macintosh HD/Google Drive/Groves/Scope 7/20141130 Immunostaining/03 FC1/01 tirf and confocal/confocal_6um_0.5um_5,07d270e3-24e5-4ef1-8ba4-3b76ba637148,9c8b9043-21c8-4e18-aa92-054e6fa018ef,2014-11-30 16:46:45 -0800,0,0,0,5,3084,,-922.8000000000001,-1729.8,1.5,,640confocalEM,,4,0,0,0
/Volumes/Macintosh HD/Google Drive/Groves/Scope 7/20141130 Immunostaining/03 FC1/01 tirf and confocal/confocal_6um_0.5um_5,07d270e3-24e5-4ef1-8ba4-3b76ba637148,18c305c8-2dd7-4798-bf64-d93397446d2b,2014-11-30 16:46:45 -0800,0,0,1,5,9909,,-922.8000000000001,-1729.8,1.5,,561confocalEM,,4,0,0,0
/Volumes/Macintosh HD/Google Drive/Groves/Scope 7/20141130 Immunostaining/03 FC1/01 tirf and confocal/confocal_6um_0.5um_6,2959c586-9f6e-4718-a453-2f3baf5fd176,cf4635d3-97e1-48f6-b366-7fa9609e7c68,2014-11-30 16:49:21 -0800,0,0,0,5,3092,,-805.2,-1179.6000000000001,1.5,,640confocalEM,,5,0,0,0
/Volumes/Macintosh HD/Google Drive/Groves/Scope 7/20141130 Immunostaining/03 FC1/01 tirf and confocal/confocal_6um_0.5um_6,2959c586-9f6e-4718-a453-2f3baf5fd176,6ecacf4c-4313-4cd3-adf0-53158d88e997,2014-11-30 16:49:21 -0800,0,0,1,5,9904,,-805.2,-1179.6000000000001,1.5,,561confocalEM,,5,0,0,0
/Volumes/Macintosh HD/Google Drive/Groves/Scope 7/20141130 Immunostaining/03 FC1/01 tirf and confocal/confocal_6um_0.5um_1,d4e344ee-9042-4934-8c16-cb0af8515388,e1845f3e-a066-4a92-8526-bf36d5aa6f2c,2014-11-30 16:40:05 -0800,0,0,0,6,3589,,165.1,-3280.1,2,,640confocalEM,,0,0,0,0
/Volumes/Macintosh HD/Google Drive/Groves/Scope 7/20141130 Immunostaining/03 FC1/01 tirf and confocal/confocal_6um_0.5um_1,d4e344ee-9042-4934-8c16-cb0af8515388,427202a0-e9be-48d0-b36c-012f681623af,2014-11-30 16:40:05 -0800,0,0,1,6,10392,,165.1,-3280.1,2,,561confocalEM,,0,0,0,0
/Volumes/Macintosh HD/Google Drive/Groves/Scope 7/20141130 Immunostaining/03 FC1/01 tirf and confocal/confocal_6um_0.5um_2,85b9f6c3-492d-4ff2-a178-c96a69c831ec,d63f84ef-3814-4eec-8c83-d565e1d2486f,2014-11-30 16:42:37 -0800,0,0,0,6,3560,,184.5,-2635.9,2,,640confocalEM,,1,0,0,0
/Volumes/Macintosh HD/Google Drive/Groves/Scope 7/20141130 Immunostaining/03 FC1/01 tirf and confocal/confocal_6um_0.5um_2,85b9f6c3-492d-4ff2-a178-c96a69c831ec,56897d01-1505-42a6-bcf1-6e74290ade2a,2014-11-30 16:42:37 -0800,0,0,1,6,10394,,184.5,-2635.9,2,,561confocalEM,,1,0,0,0
/Volumes/Macintosh HD/Google Drive/Groves/Scope 7/20141130 Immunostaining/03 FC1/01 tirf and confocal/confocal_6um_0.5um_3,355dfbfa-7da7-414a-b50b-251b585190cf,6696f947-0849-4356-bd3d-b5aad4ffc162,2014-11-30 16:44:19 -0800,0,0,0,6,3558,,434.1,-2283.2000000000003,2,,640confocalEM,,2,0,0,0
/Volumes/Macintosh HD/Google Drive/Groves/Scope 7/20141130 Immunostaining/03 FC1/01 tirf and confocal/confocal_6um_0.5um_3,355dfbfa-7da7-414a-b50b-251b585190cf,ace6287c-b9ad-4876-b9aa-511440017b39,2014-11-30 16:44:19 -0800,0,0,1,6,10374,,434.1,-2283.2000000000003,2,,561confocalEM,,2,0,0,0
/Volumes/Macintosh HD/Google Drive/Groves/Scope 7/20141130 Immunostaining/03 FC1/01 tirf and confocal/confocal_6um_0.5um_5,07d270e3-24e5-4ef1-8ba4-3b76ba637148,ccbd439e-540a-43a6-8a1d-33e2c61b868c,2014-11-30 16:46:45 -0800,0,0,0,6,3535,,-922.8000000000001,-1729.8,2,,640confocalEM,,4,0,0,0
/Volumes/Macintosh HD/Google Drive/Groves/Scope 7/20141130 Immunostaining/03 FC1/01 tirf and confocal/confocal_6um_0.5um_5,07d270e3-24e5-4ef1-8ba4-3b76ba637148,78169714-7c7e-4df3-8eeb-fbc6b4916bc4,2014-11-30 16:46:45 -0800,0,0,1,6,10368,,-922.8000000000001,-1729.8,2,,561confocalEM,,4,0,0,0
/Volumes/Macintosh HD/Google Drive/Groves/Scope 7/20141130 Immunostaining/03 FC1/01 tirf and confocal/confocal_6um_0.5um_6,2959c586-9f6e-4718-a453-2f3baf5fd176,293625a0-dd26-48fb-81ed-3401dfb063a1,2014-11-30 16:49:21 -0800,0,0,0,6,3541,,-805.2,-1179.6000000000001,2,,640confocalEM,,5,0,0,0
/Volumes/Macintosh HD/Google Drive/Groves/Scope 7/20141130 Immunostaining/03 FC1/01 tirf and confocal/confocal_6um_0.5um_6,2959c586-9f6e-4718-a453-2f3baf5fd176,a51f9e32-6ef6-4c0d-8035-a164bfb401d8,2014-11-30 16:49:21 -0800,0,0,1,6,10353,,-805.2,-1179.6000000000001,2,,561confocalEM,,5,0,0,0
/Volumes/Macintosh HD/Google Drive/Groves/Scope 7/20141130 Immunostaining/03 FC1/01 tirf and confocal/confocal_6um_0.5um_1,d4e344ee-9042-4934-8c16-cb0af8515388,6faa97a1-c41c-4041-8b0b-ada3815a532a,2014-11-30 16:40:05 -0800,0,0,1,7,10843,,165.1,-3280.1,2.5,,561confocalEM,,0,0,0,0
/Volumes/Macintosh HD/Google Drive/Groves/Scope 7/20141130 Immunostaining/03 FC1/01 tirf and confocal/confocal_6um_0.5um_1,d4e344ee-9042-4934-8c16-cb0af8515388,160659a8-8fc8-4e3b-a62e-08fa5e7e4ea0,2014-11-30 16:40:05 -0800,0,0,0,7,4041,,165.1,-3280.1,2.5,,640confocalEM,,0,0,0,0
/Volumes/Macintosh HD/Google Drive/Groves/Scope 7/20141130 Immunostaining/03 FC1/01 tirf and confocal/confocal_6um_0.5um_2,85b9f6c3-492d-4ff2-a178-c96a69c831ec,4c011a2a-8c8f-45d4-8ac4-81142c9ac889,2014-11-30 16:42:37 -0800,0,0,1,7,10844,,184.5,-2635.9,2.5,,561confocalEM,,1,0,0,0
/Volumes/Macintosh HD/Google Drive/Groves/Scope 7/20141130 Immunostaining/03 FC1/01 tirf and confocal/confocal_6um_0.5um_2,85b9f6c3-492d-4ff2-a178-c96a69c831ec,39ca64f5-6fa8-4e0c-b6db-aba5568bb3a0,2014-11-30 16:42:37 -0800,0,0,0,7,4011,,184.5,-2635.9,2.5,,640confocalEM,,1,0,0,0
/Volumes/Macintosh HD/Google Drive/Groves/Scope 7/20141130 Immunostaining/03 FC1/01 tirf and confocal/confocal_6um_0.5um_3,355dfbfa-7da7-414a-b50b-251b585190cf,9228925f-eaea-408f-ade0-51c4bd3103ec,2014-11-30 16:44:19 -0800,0,0,1,7,10827,,434.1,-2283.2000000000003,2.5,,561confocalEM,,2,0,0,0
/Volumes/Macintosh HD/Google Drive/Groves/Scope 7/20141130 Immunostaining/03 FC1/01 tirf and confocal/confocal_6um_0.5um_3,355dfbfa-7da7-414a-b50b-251b585190cf,a544a189-4547-4fba-b605-38b7221979b6,2014-11-30 16:44:19 -0800,0,0,0,7,4008,,434.1,-2283.2000000000003,2.5,,640confocalEM,,2,0,0,0
/Volumes/Macintosh HD/Google Drive/Groves/Scope 7/20141130 Immunostaining/03 FC1/01 tirf and confocal/confocal_6um_0.5um_5,07d270e3-24e5-4ef1-8ba4-3b76ba637148,bcd1c07f-0b3b-4855-8c60-32bf4e4febdd,2014-11-30 16:46:45 -0800,0,0,1,7,10822,,-922.8000000000001,-1729.8,2.5,,561confocalEM,,4,0,0,0
/Volumes/Macintosh HD/Google Drive/Groves/Scope 7/20141130 Immunostaining/03 FC1/01 tirf and confocal/confocal_6um_0.5um_5,07d270e3-24e5-4ef1-8ba4-3b76ba637148,18c15476-f86f-4bc6-93e5-0aaf70d03c41,2014-11-30 16:46:45 -0800,0,0,0,7,3986,,-922.8000000000001,-1729.8,2.5,,640confocalEM,,4,0,0,0
/Volumes/Macintosh HD/Google Drive/Groves/Scope 7/20141130 Immunostaining/03 FC1/01 tirf and confocal/confocal_6um_0.5um_6,2959c586-9f6e-4718-a453-2f3baf5fd176,aec82d03-ecde-47c5-bad3-c1627ab4e651,2014-11-30 16:49:21 -0800,0,0,1,7,10802,,-805.2,-1179.6000000000001,2.5,,561confocalEM,,5,0,0,0
/Volumes/Macintosh HD/Google Drive/Groves/Scope 7/20141130 Immunostaining/03 FC1/01 tirf and confocal/confocal_6um_0.5um_6,2959c586-9f6e-4718-a453-2f3baf5fd176,242f318f-4ffc-4ae0-9e80-68c94332f98a,2014-11-30 16:49:21 -0800,0,0,0,7,3991,,-805.2,-1179.6000000000001,2.5,,640confocalEM,,5,0,0,0
/Volumes/Macintosh HD/Google Drive/Groves/Scope 7/20141130 Immunostaining/03 FC1/01 tirf and confocal/confocal_6um_0.5um_1,d4e344ee-9042-4934-8c16-cb0af8515388,6a31e4be-cf62-4dc2-9c21-67133206ed75,2014-11-30 16:40:05 -0800,0,0,1,8,11294,,165.1,-3280.1,3,,561confocalEM,,0,0,0,0
/Volumes/Macintosh HD/Google Drive/Groves/Scope 7/20141130 Immunostaining/03 FC1/01 tirf and confocal/confocal_6um_0.5um_1,d4e344ee-9042-4934-8c16-cb0af8515388,bee4e3fb-bee1-41eb-bb5c-d069ee08b87b,2014-11-30 16:40:05 -0800,0,0,0,8,4490,,165.1,-3280.1,3,,640confocalEM,,0,0,0,0
/Volumes/Macintosh HD/Google Drive/Groves/Scope 7/20141130 Immunostaining/03 FC1/01 tirf and confocal/confocal_6um_0.5um_2,85b9f6c3-492d-4ff2-a178-c96a69c831ec,30837799-735c-48bc-9a75-134e0ad6fe8e,2014-11-30 16:42:37 -0800,0,0,1,8,11289,,184.5,-2635.9,3,,561confocalEM,,1,0,0,0
/Volumes/Macintosh HD/Google Drive/Groves/Scope 7/20141130 Immunostaining/03 FC1/01 tirf and confocal/confocal_6um_0.5um_2,85b9f6c3-492d-4ff2-a178-c96a69c831ec,9db72d1c-0d49-49f6-9bb5-fa4126534161,2014-11-30 16:42:37 -0800,0,0,0,8,4461,,184.5,-2635.9,3,,640confocalEM,,1,0,0,0
/Volumes/Macintosh HD/Google Drive/Groves/Scope 7/20141130 Immunostaining/03 FC1/01 tirf and confocal/confocal_6um_0.5um_3,355dfbfa-7da7-414a-b50b-251b585190cf,3419c220-a5cb-401c-8e2f-383453329aa1,2014-11-30 16:44:19 -0800,0,0,1,8,11276,,434.1,-2283.2000000000003,3,,561confocalEM,,2,0,0,0
/Volumes/Macintosh HD/Google Drive/Groves/Scope 7/20141130 Immunostaining/03 FC1/01 tirf and confocal/confocal_6um_0.5um_3,355dfbfa-7da7-414a-b50b-251b585190cf,687eb91c-042b-4924-ab5e-3269064156d0,2014-11-30 16:44:19 -0800,0,0,0,8,4458,,434.1,-2283.2000000000003,3,,640confocalEM,,2,0,0,0
/Volumes/Macintosh HD/Google Drive/Groves/Scope 7/20141130 Immunostaining/03 FC1/01 tirf and confocal/confocal_6um_0.5um_5,07d270e3-24e5-4ef1-8ba4-3b76ba637148,79295a20-76be-42b1-ad98-2b98513c8351,2014-11-30 16:46:45 -0800,0,0,1,8,11275,,-922.8000000000001,-1729.8,3,,561confocalEM,,4,0,0,0
/Volumes/Macintosh HD/Google Drive/Groves/Scope 7/20141130 Immunostaining/03 FC1/01 tirf and confocal/confocal_6um_0.5um_5,07d270e3-24e5-4ef1-8ba4-3b76ba637148,9678b097-50f2-4766-a30a-9048e2954561,2014-11-30 16:46:45 -0800,0,0,0,8,4438,,-922.8000000000001,-1729.8,3,,640confocalEM,,4,0,0,0
/Volumes/Macintosh HD/Google Drive/Groves/Scope 7/20141130 Immunostaining/03 FC1/01 tirf and confocal/confocal_6um_0.5um_6,2959c586-9f6e-4718-a453-2f3baf5fd176,d61718dd-c7d0-4f96-84e2-f827ab5602c6,2014-11-30 16:49:21 -0800,0,0,1,8,11250,,-805.2,-1179.6000000000001,3,,561confocalEM,,5,0,0,0
/Volumes/Macintosh HD/Google Drive/Groves/Scope 7/20141130 Immunostaining/03 FC1/01 tirf and confocal/confocal_6um_0.5um_6,2959c586-9f6e-4718-a453-2f3baf5fd176,08bb57cf-6098-4fd9-b7f8-7d700e35cf68,2014-11-30 16:49:21 -0800,0,0,0,8,4443,,-805.2,-1179.6000000000001,3,,640confocalEM,,5,0,0,0
/Volumes/Macintosh HD/Google Drive/Groves/Scope 7/20141130 Immunostaining/03 FC1/01 tirf and confocal/confocal_6um_0.5um_1,d4e344ee-9042-4934-8c16-cb0af8515388,2ed0532e-9f82-4003-a813-b30197d2302a,2014-11-30 16:40:05 -0800,0,0,0,9,4939,,165.1,-3280.1,3.5,,640confocalEM,,0,0,0,0
/Volumes/Macintosh HD/Google Drive/Groves/Scope 7/20141130 Immunostaining/03 FC1/01 tirf and confocal/confocal_6um_0.5um_1,d4e344ee-9042-4934-8c16-cb0af8515388,995caea9-6f8c-4bad-bc50-287d214f4307,2014-11-30 16:40:05 -0800,0,0,1,9,11746,,165.1,-3280.1,3.5,,561confocalEM,,0,0,0,0
/Volumes/Macintosh HD/Google Drive/Groves/Scope 7/20141130 Immunostaining/03 FC1/01 tirf and confocal/confocal_6um_0.5um_2,85b9f6c3-492d-4ff2-a178-c96a69c831ec,199ebe6f-1605-4d8a-a87b-e3fbd728a5d5,2014-11-30 16:42:37 -0800,0,0,0,9,4913,,184.5,-2635.9,3.5,,640confocalEM,,1,0,0,0
/Volumes/Macintosh HD/Google Drive/Groves/Scope 7/20141130 Immunostaining/03 FC1/01 tirf and confocal/confocal_6um_0.5um_2,85b9f6c3-492d-4ff2-a178-c96a69c831ec,f7e54e26-a6ee-4171-9234-6d649faf4806,2014-11-30 16:42:37 -0800,0,0,1,9,11738,,184.5,-2635.9,3.5,,561confocalEM,,1,0,0,0
/Volumes/Macintosh HD/Google Drive/Groves/Scope 7/20141130 Immunostaining/03 FC1/01 tirf and confocal/confocal_6um_0.5um_3,355dfbfa-7da7-414a-b50b-251b585190cf,6ca8a867-67ce-444f-bc55-084b579ca6ba,2014-11-30 16:44:19 -0800,0,0,0,9,4908,,434.1,-2283.2000000000003,3.5,,640confocalEM,,2,0,0,0
/Volumes/Macintosh HD/Google Drive/Groves/Scope 7/20141130 Immunostaining/03 FC1/01 tirf and confocal/confocal_6um_0.5um_3,355dfbfa-7da7-414a-b50b-251b585190cf,1d6058f4-9c8c-4fd4-9d92-19a75f54a58e,2014-11-30 16:44:19 -0800,0,0,1,9,11724,,434.1,-2283.2000000000003,3.5,,561confocalEM,,2,0,0,0
/Volumes/Macintosh HD/Google Drive/Groves/Scope 7/20141130 Immunostaining/03 FC1/01 tirf and confocal/confocal_6um_0.5um_5,07d270e3-24e5-4ef1-8ba4-3b76ba637148,f2a82921-acf1-4201-87c6-82f5f013067a,2014-11-30 16:46:45 -0800,0,0,0,9,4889,,-922.8000000000001,-1729.8,3.5,,640confocalEM,,4,0,0,0
/Volumes/Macintosh HD/Google Drive/Groves/Scope 7/20141130 Immunostaining/03 FC1/01 tirf and confocal/confocal_6um_0.5um_5,07d270e3-24e5-4ef1-8ba4-3b76ba637148,2f99c4f7-a150-46d7-99b2-cceefdd00d75,2014-11-30 16:46:45 -0800,0,0,1,9,11726,,-922.8000000000001,-1729.8,3.5,,561confocalEM,,4,0,0,0
/Volumes/Macintosh HD/Google Drive/Groves/Scope 7/20141130 Immunostaining/03 FC1/01 tirf and confocal/confocal_6um_0.5um_6,2959c586-9f6e-4718-a453-2f3baf5fd176,8424f9a5-fe74-42b9-8db2-d9ae05df1777,2014-11-30 16:49:21 -0800,0,0,0,9,4894,,-805.2,-1179.6000000000001,3.5,,640confocalEM,,5,0,0,0
/Volumes/Macintosh HD/Google Drive/Groves/Scope 7/20141130 Immunostaining/03 FC1/01 tirf and confocal/confocal_6um_0.5um_6,2959c586-9f6e-4718-a453-2f3baf5fd176,1d671d48-b1c9-4dbb-ae08-0ce7c4281bae,2014-11-30 16:49:21 -0800,0,0,1,9,11698,,-805.2,-1179.6000000000001,3.5,,561confocalEM,,5,0,0,0
/Volumes/Macintosh HD/Google Drive/Groves/Scope 7/20141130 Immunostaining/03 FC1/01 tirf and confocal/confocal_6um_0.5um_1,d4e344ee-9042-4934-8c16-cb0af8515388,9cb93758-1065-41fc-a201-6f3cbc86749c,2014-11-30 16:40:05 -0800,0,0,0,10,5385,,165.1,-3280.1,4,,640confocalEM,,0,0,0,0
/Volumes/Macintosh HD/Google Drive/Groves/Scope 7/20141130 Immunostaining/03 FC1/01 tirf and confocal/confocal_6um_0.5um_1,d4e344ee-9042-4934-8c16-cb0af8515388,f49af5f0-50bc-41fa-9dd8-df88ecbce3fa,2014-11-30 16:40:05 -0800,0,0,1,10,12197,,165.1,-3280.1,4,,561confocalEM,,0,0,0,0
/Volumes/Macintosh HD/Google Drive/Groves/Scope 7/20141130 Immunostaining/03 FC1/01 tirf and confocal/confocal_6um_0.5um_2,85b9f6c3-492d-4ff2-a178-c96a69c831ec,af15f03b-b785-4332-a4bd-0baa69439bc6,2014-11-30 16:42:37 -0800,0,0,0,10,5364,,184.5,-2635.9,4,,640confocalEM,,1,0,0,0
/Volumes/Macintosh HD/Google Drive/Groves/Scope 7/20141130 Immunostaining/03 FC1/01 tirf and confocal/confocal_6um_0.5um_2,85b9f6c3-492d-4ff2-a178-c96a69c831ec,0a2b3fe9-391e-414d-8c61-1bcba340bd34,2014-11-30 16:42:37 -0800,0,0,1,10,12190,,184.5,-2635.9,4,,561confocalEM,,1,0,0,0
/Volumes/Macintosh HD/Google Drive/Groves/Scope 7/20141130 Immunostaining/03 FC1/01 tirf and confocal/confocal_6um_0.5um_3,355dfbfa-7da7-414a-b50b-251b585190cf,96dac876-98db-4628-9fe5-bd1161277b0d,2014-11-30 16:44:19 -0800,0,0,0,10,5357,,434.1,-2283.2000000000003,4,,640confocalEM,,2,0,0,0
/Volumes/Macintosh HD/Google Drive/Groves/Scope 7/20141130 Immunostaining/03 FC1/01 tirf and confocal/confocal_6um_0.5um_3,355dfbfa-7da7-414a-b50b-251b585190cf,5dc11301-7743-42a1-ac4a-27f5504e522c,2014-11-30 16:44:19 -0800,0,0,1,10,12178,,434.1,-2283.2000000000003,4,,561confocalEM,,2,0,0,0
/Volumes/Macintosh HD/Google Drive/Groves/Scope 7/20141130 Immunostaining/03 FC1/01 tirf and confocal/confocal_6um_0.5um_5,07d270e3-24e5-4ef1-8ba4-3b76ba637148,3dcdff04-0a1c-4a33-aecf-cba65e274bfc,2014-11-30 16:46:45 -0800,0,0,0,10,5341,,-922.8000000000001,-1729.8,4,,640confocalEM,,4,0,0,0
/Volumes/Macintosh HD/Google Drive/Groves/Scope 7/20141130 Immunostaining/03 FC1/01 tirf and confocal/confocal_6um_0.5um_5,07d270e3-24e5-4ef1-8ba4-3b76ba637148,c5e4757b-4b64-4a86-b625-c78281e6d0e2,2014-11-30 16:46:45 -0800,0,0,1,10,12176,,-922.8000000000001,-1729.8,4,,561confocalEM,,4,0,0,0
/Volumes/Macintosh HD/Google Drive/Groves/Scope 7/20141130 Immunostaining/03 FC1/01 tirf and confocal/confocal_6um_0.5um_6,2959c586-9f6e-4718-a453-2f3baf5fd176,7c78f53c-073d-43e0-88f9-5e1be44d1a9e,2014-11-30 16:49:21 -0800,0,0,0,10,5346,,-805.2,-1179.6000000000001,4,,640confocalEM,,5,0,0,0
/Volumes/Macintosh HD/Google Drive/Groves/Scope 7/20141130 Immunostaining/03 FC1/01 tirf and confocal/confocal_6um_0.5um_6,2959c586-9f6e-4718-a453-2f3baf5fd176,cc0a12ab-6969-44c4-ae43-adbf0e95bf4d,2014-11-30 16:49:21 -0800,0,0,1,10,12147,,-805.2,-1179.6000000000001,4,,561confocalEM,,5,0,0,0
/Volumes/Macintosh HD/Google Drive/Groves/Scope 7/20141130 Immunostaining/03 FC1/01 tirf and confocal/confocal_6um_0.5um_1,d4e344ee-9042-4934-8c16-cb0af8515388,e4cbe915-53f6-447a-894e-ba9f836e8da5,2014-11-30 16:40:05 -0800,0,0,0,11,5836,,165.1,-3280.1,4.5,,640confocalEM,,0,0,0,0
/Volumes/Macintosh HD/Google Drive/Groves/Scope 7/20141130 Immunostaining/03 FC1/01 tirf and confocal/confocal_6um_0.5um_1,d4e344ee-9042-4934-8c16-cb0af8515388,773ba7ea-581c-4308-88af-19b9d57dee17,2014-11-30 16:40:05 -0800,0,0,1,11,12655,,165.1,-3280.1,4.5,,561confocalEM,,0,0,0,0
/Volumes/Macintosh HD/Google Drive/Groves/Scope 7/20141130 Immunostaining/03 FC1/01 tirf and confocal/confocal_6um_0.5um_2,85b9f6c3-492d-4ff2-a178-c96a69c831ec,7c614b39-f564-4f57-bb06-a070941b0aba,2014-11-30 16:42:37 -0800,0,0,0,11,5816,,184.5,-2635.9,4.5,,640confocalEM,,1,0,0,0
/Volumes/Macintosh HD/Google Drive/Groves/Scope 7/20141130 Immunostaining/03 FC1/01 tirf and confocal/confocal_6um_0.5um_2,85b9f6c3-492d-4ff2-a178-c96a69c831ec,59e2fde4-1539-4ff5-923c-49fa12c4c5e9,2014-11-30 16:42:37 -0800,0,0,1,11,12639,,184.5,-2635.9,4.5,,561confocalEM,,1,0,0,0
/Volumes/Macintosh HD/Google Drive/Groves/Scope 7/20141130 Immunostaining/03 FC1/01 tirf and confocal/confocal_6um_0.5um_3,355dfbfa-7da7-414a-b50b-251b585190cf,1a32275e-788e-4586-85e8-772157cf2f9b,2014-11-30 16:44:19 -0800,0,0,0,11,5807,,434.1,-2283.2000000000003,4.5,,640confocalEM,,2,0,0,0
/Volumes/Macintosh HD/Google Drive/Groves/Scope 7/20141130 Immunostaining/03 FC1/01 tirf and confocal/confocal_6um_0.5um_3,355dfbfa-7da7-414a-b50b-251b585190cf,c760202f-bd18-4d97-af64-2fafadcdfeb9,2014-11-30 16:44:19 -0800,0,0,1,11,12628,,434.1,-2283.2000000000003,4.5,,561confocalEM,,2,0,0,0
/Volumes/Macintosh HD/Google Drive/Groves/Scope 7/20141130 Immunostaining/03 FC1/01 tirf and confocal/confocal_6um_0.5um_5,07d270e3-24e5-4ef1-8ba4-3b76ba637148,6d8e41eb-fdda-42ad-9463-9755e0e175b3,2014-11-30 16:46:45 -0800,0,0,0,11,5801,,-922.8000000000001,-1729.8,4.5,,640confocalEM,,4,0,0,0
/Volumes/Macintosh HD/Google Drive/Groves/Scope 7/20141130 Immunostaining/03 FC1/01 tirf and confocal/confocal_6um_0.5um_5,07d270e3-24e5-4ef1-8ba4-3b76ba637148,e53eaa35-a98f-40a4-84db-e0b68825e690,2014-11-30 16:46:45 -0800,0,0,1,11,12629,,-922.8000000000001,-1729.8,4.5,,561confocalEM,,4,0,0,0
/Volumes/Macintosh HD/Google Drive/Groves/Scope 7/20141130 Immunostaining/03 FC1/01 tirf and confocal/confocal_6um_0.5um_6,2959c586-9f6e-4718-a453-2f3baf5fd176,318230ac-fac8-4361-babc-db20a5711f72,2014-11-30 16:49:21 -0800,0,0,0,11,5794,,-805.2,-1179.6000000000001,4.5,,640confocalEM,,5,0,0,0
/Volumes/Macintosh HD/Google Drive/Groves/Scope 7/20141130 Immunostaining/03 FC1/01 tirf and confocal/confocal_6um_0.5um_6,2959c586-9f6e-4718-a453-2f3baf5fd176,1a522e7b-a637-4ab0-a073-3463e1e47f7e,2014-11-30 16:49:21 -0800,0,0,1,11,12597,,-805.2,-1179.6000000000001,4.5,,561confocalEM,,5,0,0,0
/Volumes/Macintosh HD/Google Drive/Groves/Scope 7/20141130 Immunostaining/03 FC1/01 tirf and confocal/confocal_6um_0.5um_1,d4e344ee-9042-4934-8c16-cb0af8515388,df4f1779-9e14-4369-b725-73633884c29f,2014-11-30 16:40:05 -0800,0,0,0,12,6288,,165.1,-3280.1,5,,640confocalEM,,0,0,0,0
/Volumes/Macintosh HD/Google Drive/Groves/Scope 7/20141130 Immunostaining/03 FC1/01 tirf and confocal/confocal_6um_0.5um_1,d4e344ee-9042-4934-8c16-cb0af8515388,2db40f9b-346d-475b-99d3-7d5d3be4dd14,2014-11-30 16:40:05 -0800,0,0,1,12,13104,,165.1,-3280.1,5,,561confocalEM,,0,0,0,0
/Volumes/Macintosh HD/Google Drive/Groves/Scope 7/20141130 Immunostaining/03 FC1/01 tirf and confocal/confocal_6um_0.5um_2,85b9f6c3-492d-4ff2-a178-c96a69c831ec,faa2b8b3-1f2a-420a-bb7d-c7bc3d546cd0,2014-11-30 16:42:37 -0800,0,0,0,12,6270,,184.5,-2635.9,5,,640confocalEM,,1,0,0,0
/Volumes/Macintosh HD/Google Drive/Groves/Scope 7/20141130 Immunostaining/03 FC1/01 tirf and confocal/confocal_6um_0.5um_2,85b9f6c3-492d-4ff2-a178-c96a69c831ec,61c352e4-6067-4b87-91c2-8e905f36bfc0,2014-11-30 16:42:37 -0800,0,0,1,12,13089,,184.5,-2635.9,5,,561confocalEM,,1,0,0,0
/Volumes/Macintosh HD/Google Drive/Groves/Scope 7/20141130 Immunostaining/03 FC1/01 tirf and confocal/confocal_6um_0.5um_3,355dfbfa-7da7-414a-b50b-251b585190cf,9ff5aa45-cdba-4daf-993a-277d0b733e6b,2014-11-30 16:44:19 -0800,0,0,0,12,6259,,434.1,-2283.2000000000003,5,,640confocalEM,,2,0,0,0
/Volumes/Macintosh HD/Google Drive/Groves/Scope 7/20141130 Immunostaining/03 FC1/01 tirf and confocal/confocal_6um_0.5um_3,355dfbfa-7da7-414a-b50b-251b585190cf,e486bff2-f0b7-45ca-a563-fc95f52f614b,2014-11-30 16:44:19 -0800,0,0,1,12,13077,,434.1,-2283.2000000000003,5,,561confocalEM,,2,0,0,0
/Volumes/Macintosh HD/Google Drive/Groves/Scope 7/20141130 Immunostaining/03 FC1/01 tirf and confocal/confocal_6um_0.5um_5,07d270e3-24e5-4ef1-8ba4-3b76ba637148,b8eee735-6f48-4773-b9f6-431a3465e8ad,2014-11-30 16:46:45 -0800,0,0,0,12,6253,,-922.8000000000001,-1729.8,5,,640confocalEM,,4,0,0,0
/Volumes/Macintosh HD/Google Drive/Groves/Scope 7/20141130 Immunostaining/03 FC1/01 tirf and confocal/confocal_6um_0.5um_5,07d270e3-24e5-4ef1-8ba4-3b76ba637148,442a8578-06c2-4b79-967a-008458c331d1,2014-11-30 16:46:45 -0800,0,0,1,12,13079,,-922.8000000000001,-1729.8,5,,561confocalEM,,4,0,0,0
/Volumes/Macintosh HD/Google Drive/Groves/Scope 7/20141130 Immunostaining/03 FC1/01 tirf and confocal/confocal_6um_0.5um_6,2959c586-9f6e-4718-a453-2f3baf5fd176,080440da-b589-449a-8212-b6b102998b5b,2014-11-30 16:49:21 -0800,0,0,0,12,6248,,-805.2,-1179.6000000000001,5,,640confocalEM,,5,0,0,0
/Volumes/Macintosh HD/Google Drive/Groves/Scope 7/20141130 Immunostaining/03 FC1/01 tirf and confocal/confocal_6um_0.5um_6,2959c586-9f6e-4718-a453-2f3baf5fd176,ffcec42d-f41f-48ef-8b49-3fd2932d477b,2014-11-30 16:49:21 -0800,0,0,1,12,13046,,-805.2,-1179.6000000000001,5,,561confocalEM,,5,0,0,0
/Volumes/Macintosh HD/Google Drive/Groves/Scope 7/20141130 Immunostaining/03 FC1/01 tirf and confocal/confocal_6um_0.5um_1,d4e344ee-9042-4934-8c16-cb0af8515388,edb50ec5-df38-4eff-a5d1-eacef26e9836,2014-11-30 16:40:05 -0800,0,0,0,13,6745,,165.1,-3280.1,5.5,,640confocalEM,,0,0,0,0
/Volumes/Macintosh HD/Google Drive/Groves/Scope 7/20141130 Immunostaining/03 FC1/01 tirf and confocal/confocal_6um_0.5um_1,d4e344ee-9042-4934-8c16-cb0af8515388,05135d9b-da50-494b-aa55-941eee90bee0,2014-11-30 16:40:05 -0800,0,0,1,13,13554,,165.1,-3280.1,5.5,,561confocalEM,,0,0,0,0
/Volumes/Macintosh HD/Google Drive/Groves/Scope 7/20141130 Immunostaining/03 FC1/01 tirf and confocal/confocal_6um_0.5um_2,85b9f6c3-492d-4ff2-a178-c96a69c831ec,013d2f26-ddd8-4031-9cab-e076eb4cae47,2014-11-30 16:42:37 -0800,0,0,0,13,6730,,184.5,-2635.9,5.5,,640confocalEM,,1,0,0,0
/Volumes/Macintosh HD/Google Drive/Groves/Scope 7/20141130 Immunostaining/03 FC1/01 tirf and confocal/confocal_6um_0.5um_2,85b9f6c3-492d-4ff2-a178-c96a69c831ec,09769f62-f9ee-46d6-bfb1-6ca595de4a61,2014-11-30 16:42:37 -0800,0,0,1,13,13540,,184.5,-2635.9,5.5,,561confocalEM,,1,0,0,0
/Volumes/Macintosh HD/Google Drive/Groves/Scope 7/20141130 Immunostaining/03 FC1/01 tirf and confocal/confocal_6um_0.5um_3,355dfbfa-7da7-414a-b50b-251b585190cf,811d0287-eb55-408c-98c4-aefc870fc23b,2014-11-30 16:44:19 -0800,0,0,0,13,6709,,434.1,-2283.2000000000003,5.5,,640confocalEM,,2,0,0,0
/Volumes/Macintosh HD/Google Drive/Groves/Scope 7/20141130 Immunostaining/03 FC1/01 tirf and confocal/confocal_6um_0.5um_3,355dfbfa-7da7-414a-b50b-251b585190cf,bc54dc50-8310-4994-a8d5-ccbc1f017fc3,2014-11-30 16:44:19 -0800,0,0,1,13,13537,,434.1,-2283.2000000000003,5.5,,561confocalEM,,2,0,0,0
/Volumes/Macintosh HD/Google Drive/Groves/Scope 7/20141130 Immunostaining/03 FC1/01 tirf and confocal/confocal_6um_0.5um_5,07d270e3-24e5-4ef1-8ba4-3b76ba637148,d2359235-f314-4429-91a4-8164e6182370,2014-11-30 16:46:45 -0800,0,0,0,13,6706,,-922.8000000000001,-1729.8,5.5,,640confocalEM,,4,0,0,0
/Volumes/Macintosh HD/Google Drive/Groves/Scope 7/20141130 Immunostaining/03 FC1/01 tirf and confocal/confocal_6um_0.5um_5,07d270e3-24e5-4ef1-8ba4-3b76ba637148,b27048ec-a993-4480-879d-bb2f37828c29,2014-11-30 16:46:45 -0800,0,0,1,13,13529,,-922.8000000000001,-1729.8,5.5,,561confocalEM,,4,0,0,0
/Volumes/Macintosh HD/Google Drive/Groves/Scope 7/20141130 Immunostaining/03 FC1/01 tirf and confocal/confocal_6um_0.5um_6,2959c586-9f6e-4718-a453-2f3baf5fd176,e191ccc1-21ff-4906-838c-7a89829131d0,2014-11-30 16:49:21 -0800,0,0,0,13,6700,,-805.2,-1179.6000000000001,5.5,,640confocalEM,,5,0,0,0
/Volumes/Macintosh HD/Google Drive/Groves/Scope 7/20141130 Immunostaining/03 FC1/01 tirf and confocal/confocal_6um_0.5um_6,2959c586-9f6e-4718-a453-2f3baf5fd176,5baa3fb5-0963-4d2c-8b61-237dcf9de77c,2014-11-30 16:49:21 -0800,0,0,1,13,13493,,-805.2,-1179.6000000000001,5.5,,561confocalEM,,5,0,0,0
/Volumes/Macintosh HD/Google Drive/Groves/Scope 7/20141130 Immunostaining/03 FC1/01 tirf and confocal/confocal_6um_0.5um_1,d4e344ee-9042-4934-8c16-cb0af8515388,c24f4bf8-7e1a-4191-b1d2-c3bb53dc6a7b,2014-11-30 16:40:05 -0800,0,0,0,14,7195,,165.1,-3280.1,6,,640confocalEM,,0,0,0,0
/Volumes/Macintosh HD/Google Drive/Groves/Scope 7/20141130 Immunostaining/03 FC1/01 tirf and confocal/confocal_6um_0.5um_1,d4e344ee-9042-4934-8c16-cb0af8515388,a45dcfa8-e477-4880-b45e-092b21fe117c,2014-11-30 16:40:05 -0800,0,0,1,14,14005,,165.1,-3280.1,6,,561confocalEM,,0,0,0,0
/Volumes/Macintosh HD/Google Drive/Groves/Scope 7/20141130 Immunostaining/03 FC1/01 tirf and confocal/confocal_6um_0.5um_2,85b9f6c3-492d-4ff2-a178-c96a69c831ec,51f0e862-dda5-4837-9597-4ff5e4c3766e,2014-11-30 16:42:37 -0800,0,0,0,14,7181,,184.5,-2635.9,6,,640confocalEM,,1,0,0,0
/Volumes/Macintosh HD/Google Drive/Groves/Scope 7/20141130 Immunostaining/03 FC1/01 tirf and confocal/confocal_6um_0.5um_2,85b9f6c3-492d-4ff2-a178-c96a69c831ec,2c3bed91-f885-4ebf-8557-6866ed1e92b0,2014-11-30 16:42:37 -0800,0,0,1,14,13989,,184.5,-2635.9,6,,561confocalEM,,1,0,0,0
/Volumes/Macintosh HD/Google Drive/Groves/Scope 7/20141130 Immunostaining/03 FC1/01 tirf and confocal/confocal_6um_0.5um_3,355dfbfa-7da7-414a-b50b-251b585190cf,033fa5ff-3491-4d39-a3d5-2861e36d70be,2014-11-30 16:44:19 -0800,0,0,0,14,7166,,434.1,-2283.2000000000003,6,,640confocalEM,,2,0,0,0
/Volumes/Macintosh HD/Google Drive/Groves/Scope 7/20141130 Immunostaining/03 FC1/01 tirf and confocal/confocal_6um_0.5um_3,355dfbfa-7da7-414a-b50b-251b585190cf,59ba5916-ea12-4cbc-9720-2343e61b12af,2014-11-30 16:44:19 -0800,0,0,1,14,13988,,434.1,-2283.2000000000003,6,,561confocalEM,,2,0,0,0
/Volumes/Macintosh HD/Google Drive/Groves/Scope 7/20141130 Immunostaining/03 FC1/01 tirf and confocal/confocal_6um_0.5um_5,07d270e3-24e5-4ef1-8ba4-3b76ba637148,a7c1cb55-cf36-4e3c-8b96-daa2d54a9f09,2014-11-30 16:46:45 -0800,0,0,0,14,7156,,-922.8000000000001,-1729.8,6,,640confocalEM,,4,0,0,0
/Volumes/Macintosh HD/Google Drive/Groves/Scope 7/20141130 Immunostaining/03 FC1/01 tirf and confocal/confocal_6um_0.5um_5,07d270e3-24e5-4ef1-8ba4-3b76ba637148,9246f84d-516c-4ee3-9dcf-8d93d653a35e,2014-11-30 16:46:45 -0800,0,0,1,14,13980,,-922.8000000000001,-1729.8,6,,561confocalEM,,4,0,0,0
/Volumes/Macintosh HD/Google Drive/Groves/Scope 7/20141130 Immunostaining/03 FC1/01 tirf and confocal/confocal_6um_0.5um_6,2959c586-9f6e-4718-a453-2f3baf5fd176,1e7ca205-61e0-4f44-8727-e08f91c7d256,2014-11-30 16:49:21 -0800,0,0,0,14,7151,,-805.2,-1179.6000000000001,6,,640confocalEM,,5,0,0,0
/Volumes/Macintosh HD/Google Drive/Groves/Scope 7/20141130 Immunostaining/03 FC1/01 tirf and confocal/confocal_6um_0.5um_6,2959c586-9f6e-4718-a453-2f3baf5fd176,c18663f5-1e71-4360-b4e1-1e57310b9aa6,2014-11-30 16:49:21 -0800,0,0,1,14,13941,,-805.2,-1179.6000000000001,6,,561confocalEM,,5,0,0,0
